chr_name	primer_region_start	primer_region_end	region_index	left_barcode_length	right_barcode_length	left_primer	right_primer	strand_info
			HEK4-abeABE8EACBECBEout-A1			TCCTCTGCCTCATCACTCTACC	TACTATTCTGGCTTCTGGGTTGAA	
			HEK4-abeABE8EACBECBEout-A2			CCTGTGCATCCGGGGGT	ATGAATCCAATAGAGGTGTTCTGG	
			HEK4-abeabe8eACBECBEout-A5			TGCACTGAAGAGGCTGCCCAT	CAACCAACATGGTGGGACACTC	
			HEK4-abeABE8EACBECBEout-A6			ATTTCCCCATGTATGCAGCT	CCAGAGTGGCTAAAAAGGACTTAG	
			HEK4-abeabe8eacbeCBEout-A8			GGCTTTCCACCTCACATACTCT	TTGAGTAGGAAACGGATTACACA	
			HEK4-ABEABE8EACBEcbeout-B2			AATCAAGTGTATTGGCCCGAGG	TGGGCTGTGATAGGGACACATC	
			HEK4-ABEABE8EACBEcbeOUT-C1			TTCAAAATTCAGCCTCCCCACT	GTTTCACAGAGCAAACTGGACC	
			HEK4-ABEABE8Eacbecbeout-D1			CTGAGGCTCCACCTTGTCGCTG	CAAGTGTCGAGGCTGATTGCAG	
			HEK4-ABEABE8Eacbecbeout-D3			CGTCAATGGTTGGCTGTGTTGA	CTCTCATGGTCTCCAAAGGTCTCT	
			HEK4-ABEABE8Eacbecbeout-D4			ACTCTCTTGTCTGTCCTTGCAC	AGAGCCTGAGAGGAGAAATTTAGG	
			HEK4-ABEABE8EACBECBEOUT-N2			GGGGTTCTCAGACCCTGTAAAT	CACAATCAAGCTCCCTCTCTCC	
			HEK4-ABEABE8EACBECBEOUT-Digenome34			TTTCCACCAGAACTCAGCCC	CCTCGGTTCCTCCACAACAC	
			HEK4-ABEABE8EACBECBEOUT-Detect1			CTGTTCCTTGTCGCCATCTGCC	CCGGGAGCAAACTTGAGTTAGAGA	